<?xml version="1.0"?>
<ArrayOfEventProps xmlns:xsi="http://www.w3.org/2001/XMLSchema-instance" xmlns:xsd="http://www.w3.org/2001/XMLSchema">
  <EventProps>
    <ID>2</ID>
    <userID>1</userID>
    <date>2015-09-30T09:16:11.9768889-07:00</date>
    <title>Second Event</title>
    <description>This is the description of the second event</description>
    <ConcurrencyID>0</ConcurrencyID>
  </EventProps>
  <EventProps>
    <ID>1</ID>
    <userID>2</userID>
    <date>2015-09-30T09:16:11.9768889-07:00</date>
    <title>First Event</title>
    <description>This is the description of the first event</description>
    <ConcurrencyID>1</ConcurrencyID>
  </EventProps>
  <EventProps>
    <ID>3</ID>
    <userID>2</userID>
    <date>2015-09-30T09:16:11.9768889-07:00</date>
    <title>Third Event</title>
    <description>This is the description of the third event</description>
    <ConcurrencyID>0</ConcurrencyID>
  </EventProps>
  <EventProps>
    <ID>4</ID>
    <userID>1</userID>
    <date>2015-09-30T09:16:11.9768889-07:00</date>
    <title>Fourth Event</title>
    <description>This is the description of the fourth event</description>
    <ConcurrencyID>1</ConcurrencyID>
  </EventProps>
  <EventProps>
    <ID>5</ID>
    <userID>1</userID>
    <date>2015-09-30T09:16:11.9768889-07:00</date>
    <title>Fifth Event</title>
    <description>This is the description of the fifth event</description>
    <ConcurrencyID>0</ConcurrencyID>
  </EventProps>
  <EventProps>
    <ID>6</ID>
    <userID>1</userID>
    <date>2015-09-30T09:16:11.9768889-07:00</date>
    <title>Sixth Event</title>
    <description>This is the description of the sixth event</description>
    <ConcurrencyID>1</ConcurrencyID>
  </EventProps>  
</ArrayOfEventProps>